{"type":"object","properties":{"id":{"type":"string"},"threadId":{"type":"string"},"labelIds":{"type":"array","minItems":0,"maxItems":0},"from":{"type":"object","properties":{"name":{"type":"string"},"email":{"type":"string"}},"additionalProperties":false,"required":["email","name"],"advanced":[]},"to":{"type":"array","items":[{"type":"object","properties":{"name":{"type":"string"},"email":{"type":"string"}},"additionalProperties":false,"required":["email","name"],"advanced":[]}],"minItems":1,"maxItems":1},"cc":{"type":"array","minItems":0,"maxItems":0},"bcc":{"type":"array","minItems":0,"maxItems":0},"body_text":{"type":"string"},"body_html":{"type":"string"},"subject":{"type":"string"}},"additionalProperties":false,"required":["bcc","body_html","body_text","cc","from","id","labelIds","subject","threadId","to"],"$schema":"http://json-schema.org/draft-07/schema#","advanced":[]}